29b106d2-dfe0-11ee-b0f7-badda4640570,"{'elitism': True, 'log': 1, 'verbose': 1, 'test_elite': True, 'log_path': '/Users/jimmy/Documents/Refresh/SLIMSHADY/SlimShady/main/log/logger.csv', 'run_info': ['StandardGSGP', 'ld50'], 'max_': False, 'ffunction': <function rmse at 0x7fd3b0cd6290>, 'n_iter': 100, 'max_depth': 17, 'n_elites': 1, 'initializer': <function rhh at 0x7fd3b0cd6710>, 'selector': <function tournament_selection_min.<locals>.ts at 0x7fd3b18c45e0>, 'crossover': <function geometric_crossover at 0x7fd3b0cd6830>, 'ms': tensor([0.2500, 0.5000, 0.7500, 1.0000, 1.2500, 1.5000, 1.7500, 2.0000, 2.2500,
        2.5000, 2.7500, 3.0000, 3.2500, 3.5000, 3.7500, 4.0000, 4.2500, 4.5000,
        4.7500, 5.0000]), 'inflate_mutator': <function two_trees_inflate_mutation.<locals>.tt_inflate at 0x7fd3e00abd90>, 'deflate_mutator': <function deflate_mutation at 0x7fd3b18b7c70>, 'p_xo': 0, 'pop_size': 100, 'settings_dict': {'p_test': 0.2}, 'find_elit_func': <function get_best_min at 0x7fd3b0cd5fc0>, 'p_inflate': 0.3, 'p_deflate': 0.7, 'p_m': 0.8, 'init_pop_size': 100, 'init_depth': 8, 'FUNCTIONS': {'add': {'function': <function <lambda> at 0x7fd3d00a6560>, 'arity': 2}, 'subtract': {'function': <function <lambda> at 0x7fd3b18b7d00>, 'arity': 2}, 'multiply': {'function': <function <lambda> at 0x7fd3b18b7d90>, 'arity': 2}, 'divide': {'function': <function <lambda> at 0x7fd3b18b7e20>, 'arity': 2}, 'mean': {'function': <function <lambda> at 0x7fd3b18b7eb0>, 'arity': 2}, 'tan': {'function': <function <lambda> at 0x7fd3b18b7f40>, 'arity': 1}, 'sin': {'function': <function <lambda> at 0x7fd3b18c4040>, 'arity': 1}, 'cos': {'function': <function <lambda> at 0x7fd3b18c40d0>, 'arity': 1}}, 'CONSTANTS': {'constant_2': <function <lambda> at 0x7fd3b18c4160>, 'constant_3': <function <lambda> at 0x7fd3b18c41f0>, 'constant_4': <function <lambda> at 0x7fd3b18c4280>, 'constant_5': <function <lambda> at 0x7fd3b18c4310>, 'constant__1': <function <lambda> at 0x7fd3b18c43a0>}, 'p_c': 0.1, 'TERMINALS': {'x0': 0, 'x1': 1, 'x2': 2, 'x3': 3, 'x4': 4, 'x5': 5, 'x6': 6, 'x7': 7, 'x8': 8, 'x9': 9, 'x10': 10, 'x11': 11, 'x12': 12, 'x13': 13, 'x14': 14, 'x15': 15, 'x16': 16, 'x17': 17, 'x18': 18, 'x19': 19, 'x20': 20, 'x21': 21, 'x22': 22, 'x23': 23, 'x24': 24, 'x25': 25, 'x26': 26, 'x27': 27, 'x28': 28, 'x29': 29, 'x30': 30, 'x31': 31, 'x32': 32, 'x33': 33, 'x34': 34, 'x35': 35, 'x36': 36, 'x37': 37, 'x38': 38, 'x39': 39, 'x40': 40, 'x41': 41, 'x42': 42, 'x43': 43, 'x44': 44, 'x45': 45, 'x46': 46, 'x47': 47, 'x48': 48, 'x49': 49, 'x50': 50, 'x51': 51, 'x52': 52, 'x53': 53, 'x54': 54, 'x55': 55, 'x56': 56, 'x57': 57, 'x58': 58, 'x59': 59, 'x60': 60, 'x61': 61, 'x62': 62, 'x63': 63, 'x64': 64, 'x65': 65, 'x66': 66, 'x67': 67, 'x68': 68, 'x69': 69, 'x70': 70, 'x71': 71, 'x72': 72, 'x73': 73, 'x74': 74, 'x75': 75, 'x76': 76, 'x77': 77, 'x78': 78, 'x79': 79, 'x80': 80, 'x81': 81, 'x82': 82, 'x83': 83, 'x84': 84, 'x85': 85, 'x86': 86, 'x87': 87, 'x88': 88, 'x89': 89, 'x90': 90, 'x91': 91, 'x92': 92, 'x93': 93, 'x94': 94, 'x95': 95, 'x96': 96, 'x97': 97, 'x98': 98, 'x99': 99, 'x100': 100, 'x101': 101, 'x102': 102, 'x103': 103, 'x104': 104, 'x105': 105, 'x106': 106, 'x107': 107, 'x108': 108, 'x109': 109, 'x110': 110, 'x111': 111, 'x112': 112, 'x113': 113, 'x114': 114, 'x115': 115, 'x116': 116, 'x117': 117, 'x118': 118, 'x119': 119, 'x120': 120, 'x121': 121, 'x122': 122, 'x123': 123, 'x124': 124, 'x125': 125, 'x126': 126, 'x127': 127, 'x128': 128, 'x129': 129, 'x130': 130, 'x131': 131, 'x132': 132, 'x133': 133, 'x134': 134, 'x135': 135, 'x136': 136, 'x137': 137, 'x138': 138, 'x139': 139, 'x140': 140, 'x141': 141, 'x142': 142, 'x143': 143, 'x144': 144, 'x145': 145, 'x146': 146, 'x147': 147, 'x148': 148, 'x149': 149, 'x150': 150, 'x151': 151, 'x152': 152, 'x153': 153, 'x154': 154, 'x155': 155, 'x156': 156, 'x157': 157, 'x158': 158, 'x159': 159, 'x160': 160, 'x161': 161, 'x162': 162, 'x163': 163, 'x164': 164, 'x165': 165, 'x166': 166, 'x167': 167, 'x168': 168, 'x169': 169, 'x170': 170, 'x171': 171, 'x172': 172, 'x173': 173, 'x174': 174, 'x175': 175, 'x176': 176, 'x177': 177, 'x178': 178, 'x179': 179, 'x180': 180, 'x181': 181, 'x182': 182, 'x183': 183, 'x184': 184, 'x185': 185, 'x186': 186, 'x187': 187, 'x188': 188, 'x189': 189, 'x190': 190, 'x191': 191, 'x192': 192, 'x193': 193, 'x194': 194, 'x195': 195, 'x196': 196, 'x197': 197, 'x198': 198, 'x199': 199, 'x200': 200, 'x201': 201, 'x202': 202, 'x203': 203, 'x204': 204, 'x205': 205, 'x206': 206, 'x207': 207, 'x208': 208, 'x209': 209, 'x210': 210, 'x211': 211, 'x212': 212, 'x213': 213, 'x214': 214, 'x215': 215, 'x216': 216, 'x217': 217, 'x218': 218, 'x219': 219, 'x220': 220, 'x221': 221, 'x222': 222, 'x223': 223, 'x224': 224, 'x225': 225, 'x226': 226, 'x227': 227, 'x228': 228, 'x229': 229, 'x230': 230, 'x231': 231, 'x232': 232, 'x233': 233, 'x234': 234, 'x235': 235, 'x236': 236, 'x237': 237, 'x238': 238, 'x239': 239, 'x240': 240, 'x241': 241, 'x242': 242, 'x243': 243, 'x244': 244, 'x245': 245, 'x246': 246, 'x247': 247, 'x248': 248, 'x249': 249, 'x250': 250, 'x251': 251, 'x252': 252, 'x253': 253, 'x254': 254, 'x255': 255, 'x256': 256, 'x257': 257, 'x258': 258, 'x259': 259, 'x260': 260, 'x261': 261, 'x262': 262, 'x263': 263, 'x264': 264, 'x265': 265, 'x266': 266, 'x267': 267, 'x268': 268, 'x269': 269, 'x270': 270, 'x271': 271, 'x272': 272, 'x273': 273, 'x274': 274, 'x275': 275, 'x276': 276, 'x277': 277, 'x278': 278, 'x279': 279, 'x280': 280, 'x281': 281, 'x282': 282, 'x283': 283, 'x284': 284, 'x285': 285, 'x286': 286, 'x287': 287, 'x288': 288, 'x289': 289, 'x290': 290, 'x291': 291, 'x292': 292, 'x293': 293, 'x294': 294, 'x295': 295, 'x296': 296, 'x297': 297, 'x298': 298, 'x299': 299, 'x300': 300, 'x301': 301, 'x302': 302, 'x303': 303, 'x304': 304, 'x305': 305, 'x306': 306, 'x307': 307, 'x308': 308, 'x309': 309, 'x310': 310, 'x311': 311, 'x312': 312, 'x313': 313, 'x314': 314, 'x315': 315, 'x316': 316, 'x317': 317, 'x318': 318, 'x319': 319, 'x320': 320, 'x321': 321, 'x322': 322, 'x323': 323, 'x324': 324, 'x325': 325, 'x326': 326, 'x327': 327, 'x328': 328, 'x329': 329, 'x330': 330, 'x331': 331, 'x332': 332, 'x333': 333, 'x334': 334, 'x335': 335, 'x336': 336, 'x337': 337, 'x338': 338, 'x339': 339, 'x340': 340, 'x341': 341, 'x342': 342, 'x343': 343, 'x344': 344, 'x345': 345, 'x346': 346, 'x347': 347, 'x348': 348, 'x349': 349, 'x350': 350, 'x351': 351, 'x352': 352, 'x353': 353, 'x354': 354, 'x355': 355, 'x356': 356, 'x357': 357, 'x358': 358, 'x359': 359, 'x360': 360, 'x361': 361, 'x362': 362, 'x363': 363, 'x364': 364, 'x365': 365, 'x366': 366, 'x367': 367, 'x368': 368, 'x369': 369, 'x370': 370, 'x371': 371, 'x372': 372, 'x373': 373, 'x374': 374, 'x375': 375, 'x376': 376, 'x377': 377, 'x378': 378, 'x379': 379, 'x380': 380, 'x381': 381, 'x382': 382, 'x383': 383, 'x384': 384, 'x385': 385, 'x386': 386, 'x387': 387, 'x388': 388, 'x389': 389, 'x390': 390, 'x391': 391, 'x392': 392, 'x393': 393, 'x394': 394, 'x395': 395, 'x396': 396, 'x397': 397, 'x398': 398, 'x399': 399, 'x400': 400, 'x401': 401, 'x402': 402, 'x403': 403, 'x404': 404, 'x405': 405, 'x406': 406, 'x407': 407, 'x408': 408, 'x409': 409, 'x410': 410, 'x411': 411, 'x412': 412, 'x413': 413, 'x414': 414, 'x415': 415, 'x416': 416, 'x417': 417, 'x418': 418, 'x419': 419, 'x420': 420, 'x421': 421, 'x422': 422, 'x423': 423, 'x424': 424, 'x425': 425, 'x426': 426, 'x427': 427, 'x428': 428, 'x429': 429, 'x430': 430, 'x431': 431, 'x432': 432, 'x433': 433, 'x434': 434, 'x435': 435, 'x436': 436, 'x437': 437, 'x438': 438, 'x439': 439, 'x440': 440, 'x441': 441, 'x442': 442, 'x443': 443, 'x444': 444, 'x445': 445, 'x446': 446, 'x447': 447, 'x448': 448, 'x449': 449, 'x450': 450, 'x451': 451, 'x452': 452, 'x453': 453, 'x454': 454, 'x455': 455, 'x456': 456, 'x457': 457, 'x458': 458, 'x459': 459, 'x460': 460, 'x461': 461, 'x462': 462, 'x463': 463, 'x464': 464, 'x465': 465, 'x466': 466, 'x467': 467, 'x468': 468, 'x469': 469, 'x470': 470, 'x471': 471, 'x472': 472, 'x473': 473, 'x474': 474, 'x475': 475, 'x476': 476, 'x477': 477, 'x478': 478, 'x479': 479, 'x480': 480, 'x481': 481, 'x482': 482, 'x483': 483, 'x484': 484, 'x485': 485, 'x486': 486, 'x487': 487, 'x488': 488, 'x489': 489, 'x490': 490, 'x491': 491, 'x492': 492, 'x493': 493, 'x494': 494, 'x495': 495, 'x496': 496, 'x497': 497, 'x498': 498, 'x499': 499, 'x500': 500, 'x501': 501, 'x502': 502, 'x503': 503, 'x504': 504, 'x505': 505, 'x506': 506, 'x507': 507, 'x508': 508, 'x509': 509, 'x510': 510, 'x511': 511, 'x512': 512, 'x513': 513, 'x514': 514, 'x515': 515, 'x516': 516, 'x517': 517, 'x518': 518, 'x519': 519, 'x520': 520, 'x521': 521, 'x522': 522, 'x523': 523, 'x524': 524, 'x525': 525, 'x526': 526, 'x527': 527, 'x528': 528, 'x529': 529, 'x530': 530, 'x531': 531, 'x532': 532, 'x533': 533, 'x534': 534, 'x535': 535, 'x536': 536, 'x537': 537, 'x538': 538, 'x539': 539, 'x540': 540, 'x541': 541, 'x542': 542, 'x543': 543, 'x544': 544, 'x545': 545, 'x546': 546, 'x547': 547, 'x548': 548, 'x549': 549, 'x550': 550, 'x551': 551, 'x552': 552, 'x553': 553, 'x554': 554, 'x555': 555, 'x556': 556, 'x557': 557, 'x558': 558, 'x559': 559, 'x560': 560, 'x561': 561, 'x562': 562, 'x563': 563, 'x564': 564, 'x565': 565, 'x566': 566, 'x567': 567, 'x568': 568, 'x569': 569, 'x570': 570, 'x571': 571, 'x572': 572, 'x573': 573, 'x574': 574, 'x575': 575, 'x576': 576, 'x577': 577, 'x578': 578, 'x579': 579, 'x580': 580, 'x581': 581, 'x582': 582, 'x583': 583, 'x584': 584, 'x585': 585, 'x586': 586, 'x587': 587, 'x588': 588, 'x589': 589, 'x590': 590, 'x591': 591, 'x592': 592, 'x593': 593, 'x594': 594, 'x595': 595, 'x596': 596, 'x597': 597, 'x598': 598, 'x599': 599, 'x600': 600, 'x601': 601, 'x602': 602, 'x603': 603, 'x604': 604, 'x605': 605, 'x606': 606, 'x607': 607, 'x608': 608, 'x609': 609, 'x610': 610, 'x611': 611, 'x612': 612, 'x613': 613, 'x614': 614, 'x615': 615, 'x616': 616, 'x617': 617, 'x618': 618, 'x619': 619, 'x620': 620, 'x621': 621, 'x622': 622, 'x623': 623, 'x624': 624, 'x625': 625}, 'p_test': 0.2}"
6164c6fe-dfe0-11ee-ba80-badda4640570,"{'elitism': True, 'log': 1, 'verbose': 1, 'test_elite': True, 'log_path': '/Users/jimmy/Documents/Refresh/SLIMSHADY/SlimShady/main/log/logger.csv', 'run_info': ['StandardGSGP', 'ld50'], 'max_': False, 'ffunction': <function rmse at 0x7ff1193fe290>, 'n_iter': 100, 'max_depth': 17, 'n_elites': 1, 'initializer': <function rhh at 0x7ff1193fe710>, 'selector': <function tournament_selection_min.<locals>.ts at 0x7ff11a1245e0>, 'crossover': <function geometric_crossover at 0x7ff1193fe830>, 'ms': tensor([0.2500, 0.5000, 0.7500, 1.0000, 1.2500, 1.5000, 1.7500, 2.0000, 2.2500,
        2.5000, 2.7500, 3.0000, 3.2500, 3.5000, 3.7500, 4.0000, 4.2500, 4.5000,
        4.7500, 5.0000]), 'inflate_mutator': <function two_trees_inflate_mutation.<locals>.tt_inflate at 0x7ff1280abd90>, 'deflate_mutator': <function deflate_mutation at 0x7ff11a117c70>, 'p_xo': 0, 'pop_size': 100, 'settings_dict': {'p_test': 0.2}, 'find_elit_func': <function get_best_min at 0x7ff1193fdfc0>, 'p_inflate': 0.3, 'p_deflate': 0.7, 'p_m': 0.8, 'init_pop_size': 100, 'init_depth': 8, 'FUNCTIONS': {'add': {'function': <function <lambda> at 0x7ff1180a6560>, 'arity': 2}, 'subtract': {'function': <function <lambda> at 0x7ff11a117d00>, 'arity': 2}, 'multiply': {'function': <function <lambda> at 0x7ff11a117d90>, 'arity': 2}, 'divide': {'function': <function <lambda> at 0x7ff11a117e20>, 'arity': 2}, 'mean': {'function': <function <lambda> at 0x7ff11a117eb0>, 'arity': 2}, 'tan': {'function': <function <lambda> at 0x7ff11a117f40>, 'arity': 1}, 'sin': {'function': <function <lambda> at 0x7ff11a124040>, 'arity': 1}, 'cos': {'function': <function <lambda> at 0x7ff11a1240d0>, 'arity': 1}}, 'CONSTANTS': {'constant_2': <function <lambda> at 0x7ff11a124160>, 'constant_3': <function <lambda> at 0x7ff11a1241f0>, 'constant_4': <function <lambda> at 0x7ff11a124280>, 'constant_5': <function <lambda> at 0x7ff11a124310>, 'constant__1': <function <lambda> at 0x7ff11a1243a0>}, 'p_c': 0.1, 'TERMINALS': {'x0': 0, 'x1': 1, 'x2': 2, 'x3': 3, 'x4': 4, 'x5': 5, 'x6': 6, 'x7': 7, 'x8': 8, 'x9': 9, 'x10': 10, 'x11': 11, 'x12': 12, 'x13': 13, 'x14': 14, 'x15': 15, 'x16': 16, 'x17': 17, 'x18': 18, 'x19': 19, 'x20': 20, 'x21': 21, 'x22': 22, 'x23': 23, 'x24': 24, 'x25': 25, 'x26': 26, 'x27': 27, 'x28': 28, 'x29': 29, 'x30': 30, 'x31': 31, 'x32': 32, 'x33': 33, 'x34': 34, 'x35': 35, 'x36': 36, 'x37': 37, 'x38': 38, 'x39': 39, 'x40': 40, 'x41': 41, 'x42': 42, 'x43': 43, 'x44': 44, 'x45': 45, 'x46': 46, 'x47': 47, 'x48': 48, 'x49': 49, 'x50': 50, 'x51': 51, 'x52': 52, 'x53': 53, 'x54': 54, 'x55': 55, 'x56': 56, 'x57': 57, 'x58': 58, 'x59': 59, 'x60': 60, 'x61': 61, 'x62': 62, 'x63': 63, 'x64': 64, 'x65': 65, 'x66': 66, 'x67': 67, 'x68': 68, 'x69': 69, 'x70': 70, 'x71': 71, 'x72': 72, 'x73': 73, 'x74': 74, 'x75': 75, 'x76': 76, 'x77': 77, 'x78': 78, 'x79': 79, 'x80': 80, 'x81': 81, 'x82': 82, 'x83': 83, 'x84': 84, 'x85': 85, 'x86': 86, 'x87': 87, 'x88': 88, 'x89': 89, 'x90': 90, 'x91': 91, 'x92': 92, 'x93': 93, 'x94': 94, 'x95': 95, 'x96': 96, 'x97': 97, 'x98': 98, 'x99': 99, 'x100': 100, 'x101': 101, 'x102': 102, 'x103': 103, 'x104': 104, 'x105': 105, 'x106': 106, 'x107': 107, 'x108': 108, 'x109': 109, 'x110': 110, 'x111': 111, 'x112': 112, 'x113': 113, 'x114': 114, 'x115': 115, 'x116': 116, 'x117': 117, 'x118': 118, 'x119': 119, 'x120': 120, 'x121': 121, 'x122': 122, 'x123': 123, 'x124': 124, 'x125': 125, 'x126': 126, 'x127': 127, 'x128': 128, 'x129': 129, 'x130': 130, 'x131': 131, 'x132': 132, 'x133': 133, 'x134': 134, 'x135': 135, 'x136': 136, 'x137': 137, 'x138': 138, 'x139': 139, 'x140': 140, 'x141': 141, 'x142': 142, 'x143': 143, 'x144': 144, 'x145': 145, 'x146': 146, 'x147': 147, 'x148': 148, 'x149': 149, 'x150': 150, 'x151': 151, 'x152': 152, 'x153': 153, 'x154': 154, 'x155': 155, 'x156': 156, 'x157': 157, 'x158': 158, 'x159': 159, 'x160': 160, 'x161': 161, 'x162': 162, 'x163': 163, 'x164': 164, 'x165': 165, 'x166': 166, 'x167': 167, 'x168': 168, 'x169': 169, 'x170': 170, 'x171': 171, 'x172': 172, 'x173': 173, 'x174': 174, 'x175': 175, 'x176': 176, 'x177': 177, 'x178': 178, 'x179': 179, 'x180': 180, 'x181': 181, 'x182': 182, 'x183': 183, 'x184': 184, 'x185': 185, 'x186': 186, 'x187': 187, 'x188': 188, 'x189': 189, 'x190': 190, 'x191': 191, 'x192': 192, 'x193': 193, 'x194': 194, 'x195': 195, 'x196': 196, 'x197': 197, 'x198': 198, 'x199': 199, 'x200': 200, 'x201': 201, 'x202': 202, 'x203': 203, 'x204': 204, 'x205': 205, 'x206': 206, 'x207': 207, 'x208': 208, 'x209': 209, 'x210': 210, 'x211': 211, 'x212': 212, 'x213': 213, 'x214': 214, 'x215': 215, 'x216': 216, 'x217': 217, 'x218': 218, 'x219': 219, 'x220': 220, 'x221': 221, 'x222': 222, 'x223': 223, 'x224': 224, 'x225': 225, 'x226': 226, 'x227': 227, 'x228': 228, 'x229': 229, 'x230': 230, 'x231': 231, 'x232': 232, 'x233': 233, 'x234': 234, 'x235': 235, 'x236': 236, 'x237': 237, 'x238': 238, 'x239': 239, 'x240': 240, 'x241': 241, 'x242': 242, 'x243': 243, 'x244': 244, 'x245': 245, 'x246': 246, 'x247': 247, 'x248': 248, 'x249': 249, 'x250': 250, 'x251': 251, 'x252': 252, 'x253': 253, 'x254': 254, 'x255': 255, 'x256': 256, 'x257': 257, 'x258': 258, 'x259': 259, 'x260': 260, 'x261': 261, 'x262': 262, 'x263': 263, 'x264': 264, 'x265': 265, 'x266': 266, 'x267': 267, 'x268': 268, 'x269': 269, 'x270': 270, 'x271': 271, 'x272': 272, 'x273': 273, 'x274': 274, 'x275': 275, 'x276': 276, 'x277': 277, 'x278': 278, 'x279': 279, 'x280': 280, 'x281': 281, 'x282': 282, 'x283': 283, 'x284': 284, 'x285': 285, 'x286': 286, 'x287': 287, 'x288': 288, 'x289': 289, 'x290': 290, 'x291': 291, 'x292': 292, 'x293': 293, 'x294': 294, 'x295': 295, 'x296': 296, 'x297': 297, 'x298': 298, 'x299': 299, 'x300': 300, 'x301': 301, 'x302': 302, 'x303': 303, 'x304': 304, 'x305': 305, 'x306': 306, 'x307': 307, 'x308': 308, 'x309': 309, 'x310': 310, 'x311': 311, 'x312': 312, 'x313': 313, 'x314': 314, 'x315': 315, 'x316': 316, 'x317': 317, 'x318': 318, 'x319': 319, 'x320': 320, 'x321': 321, 'x322': 322, 'x323': 323, 'x324': 324, 'x325': 325, 'x326': 326, 'x327': 327, 'x328': 328, 'x329': 329, 'x330': 330, 'x331': 331, 'x332': 332, 'x333': 333, 'x334': 334, 'x335': 335, 'x336': 336, 'x337': 337, 'x338': 338, 'x339': 339, 'x340': 340, 'x341': 341, 'x342': 342, 'x343': 343, 'x344': 344, 'x345': 345, 'x346': 346, 'x347': 347, 'x348': 348, 'x349': 349, 'x350': 350, 'x351': 351, 'x352': 352, 'x353': 353, 'x354': 354, 'x355': 355, 'x356': 356, 'x357': 357, 'x358': 358, 'x359': 359, 'x360': 360, 'x361': 361, 'x362': 362, 'x363': 363, 'x364': 364, 'x365': 365, 'x366': 366, 'x367': 367, 'x368': 368, 'x369': 369, 'x370': 370, 'x371': 371, 'x372': 372, 'x373': 373, 'x374': 374, 'x375': 375, 'x376': 376, 'x377': 377, 'x378': 378, 'x379': 379, 'x380': 380, 'x381': 381, 'x382': 382, 'x383': 383, 'x384': 384, 'x385': 385, 'x386': 386, 'x387': 387, 'x388': 388, 'x389': 389, 'x390': 390, 'x391': 391, 'x392': 392, 'x393': 393, 'x394': 394, 'x395': 395, 'x396': 396, 'x397': 397, 'x398': 398, 'x399': 399, 'x400': 400, 'x401': 401, 'x402': 402, 'x403': 403, 'x404': 404, 'x405': 405, 'x406': 406, 'x407': 407, 'x408': 408, 'x409': 409, 'x410': 410, 'x411': 411, 'x412': 412, 'x413': 413, 'x414': 414, 'x415': 415, 'x416': 416, 'x417': 417, 'x418': 418, 'x419': 419, 'x420': 420, 'x421': 421, 'x422': 422, 'x423': 423, 'x424': 424, 'x425': 425, 'x426': 426, 'x427': 427, 'x428': 428, 'x429': 429, 'x430': 430, 'x431': 431, 'x432': 432, 'x433': 433, 'x434': 434, 'x435': 435, 'x436': 436, 'x437': 437, 'x438': 438, 'x439': 439, 'x440': 440, 'x441': 441, 'x442': 442, 'x443': 443, 'x444': 444, 'x445': 445, 'x446': 446, 'x447': 447, 'x448': 448, 'x449': 449, 'x450': 450, 'x451': 451, 'x452': 452, 'x453': 453, 'x454': 454, 'x455': 455, 'x456': 456, 'x457': 457, 'x458': 458, 'x459': 459, 'x460': 460, 'x461': 461, 'x462': 462, 'x463': 463, 'x464': 464, 'x465': 465, 'x466': 466, 'x467': 467, 'x468': 468, 'x469': 469, 'x470': 470, 'x471': 471, 'x472': 472, 'x473': 473, 'x474': 474, 'x475': 475, 'x476': 476, 'x477': 477, 'x478': 478, 'x479': 479, 'x480': 480, 'x481': 481, 'x482': 482, 'x483': 483, 'x484': 484, 'x485': 485, 'x486': 486, 'x487': 487, 'x488': 488, 'x489': 489, 'x490': 490, 'x491': 491, 'x492': 492, 'x493': 493, 'x494': 494, 'x495': 495, 'x496': 496, 'x497': 497, 'x498': 498, 'x499': 499, 'x500': 500, 'x501': 501, 'x502': 502, 'x503': 503, 'x504': 504, 'x505': 505, 'x506': 506, 'x507': 507, 'x508': 508, 'x509': 509, 'x510': 510, 'x511': 511, 'x512': 512, 'x513': 513, 'x514': 514, 'x515': 515, 'x516': 516, 'x517': 517, 'x518': 518, 'x519': 519, 'x520': 520, 'x521': 521, 'x522': 522, 'x523': 523, 'x524': 524, 'x525': 525, 'x526': 526, 'x527': 527, 'x528': 528, 'x529': 529, 'x530': 530, 'x531': 531, 'x532': 532, 'x533': 533, 'x534': 534, 'x535': 535, 'x536': 536, 'x537': 537, 'x538': 538, 'x539': 539, 'x540': 540, 'x541': 541, 'x542': 542, 'x543': 543, 'x544': 544, 'x545': 545, 'x546': 546, 'x547': 547, 'x548': 548, 'x549': 549, 'x550': 550, 'x551': 551, 'x552': 552, 'x553': 553, 'x554': 554, 'x555': 555, 'x556': 556, 'x557': 557, 'x558': 558, 'x559': 559, 'x560': 560, 'x561': 561, 'x562': 562, 'x563': 563, 'x564': 564, 'x565': 565, 'x566': 566, 'x567': 567, 'x568': 568, 'x569': 569, 'x570': 570, 'x571': 571, 'x572': 572, 'x573': 573, 'x574': 574, 'x575': 575, 'x576': 576, 'x577': 577, 'x578': 578, 'x579': 579, 'x580': 580, 'x581': 581, 'x582': 582, 'x583': 583, 'x584': 584, 'x585': 585, 'x586': 586, 'x587': 587, 'x588': 588, 'x589': 589, 'x590': 590, 'x591': 591, 'x592': 592, 'x593': 593, 'x594': 594, 'x595': 595, 'x596': 596, 'x597': 597, 'x598': 598, 'x599': 599, 'x600': 600, 'x601': 601, 'x602': 602, 'x603': 603, 'x604': 604, 'x605': 605, 'x606': 606, 'x607': 607, 'x608': 608, 'x609': 609, 'x610': 610, 'x611': 611, 'x612': 612, 'x613': 613, 'x614': 614, 'x615': 615, 'x616': 616, 'x617': 617, 'x618': 618, 'x619': 619, 'x620': 620, 'x621': 621, 'x622': 622, 'x623': 623, 'x624': 624, 'x625': 625}, 'p_test': 0.2}"
a9b7cec4-dfe0-11ee-9e21-badda4640570,"{'elitism': True, 'log': 1, 'verbose': 1, 'test_elite': True, 'log_path': '/Users/jimmy/Documents/Refresh/SLIMSHADY/SlimShady/main/log/logger.csv', 'run_info': ['StandardGSGP', 'ld50'], 'max_': False, 'ffunction': <function rmse at 0x7ff4c925e290>, 'n_iter': 100, 'max_depth': 17, 'n_elites': 1, 'initializer': <function rhh at 0x7ff4c925e710>, 'selector': <function tournament_selection_min.<locals>.ts at 0x7ff4ca23c5e0>, 'crossover': <function geometric_crossover at 0x7ff4c925e830>, 'ms': tensor([0.2500, 0.5000, 0.7500, 1.0000, 1.2500, 1.5000, 1.7500, 2.0000, 2.2500,
        2.5000, 2.7500, 3.0000, 3.2500, 3.5000, 3.7500, 4.0000, 4.2500, 4.5000,
        4.7500, 5.0000]), 'inflate_mutator': <function two_trees_inflate_mutation.<locals>.tt_inflate at 0x7ff4e80abd90>, 'deflate_mutator': <function deflate_mutation at 0x7ff4ca22fc70>, 'p_xo': 0, 'pop_size': 100, 'settings_dict': {'p_test': 0.2}, 'find_elit_func': <function get_best_min at 0x7ff4c925dfc0>, 'p_inflate': 0.3, 'p_deflate': 0.7, 'p_m': 0.8, 'init_pop_size': 100, 'init_depth': 8, 'FUNCTIONS': {'add': {'function': <function <lambda> at 0x7ff4e81f6560>, 'arity': 2}, 'subtract': {'function': <function <lambda> at 0x7ff4ca22fd00>, 'arity': 2}, 'multiply': {'function': <function <lambda> at 0x7ff4ca22fd90>, 'arity': 2}, 'divide': {'function': <function <lambda> at 0x7ff4ca22fe20>, 'arity': 2}, 'mean': {'function': <function <lambda> at 0x7ff4ca22feb0>, 'arity': 2}, 'tan': {'function': <function <lambda> at 0x7ff4ca22ff40>, 'arity': 1}, 'sin': {'function': <function <lambda> at 0x7ff4ca23c040>, 'arity': 1}, 'cos': {'function': <function <lambda> at 0x7ff4ca23c0d0>, 'arity': 1}}, 'CONSTANTS': {'constant_2': <function <lambda> at 0x7ff4ca23c160>, 'constant_3': <function <lambda> at 0x7ff4ca23c1f0>, 'constant_4': <function <lambda> at 0x7ff4ca23c280>, 'constant_5': <function <lambda> at 0x7ff4ca23c310>, 'constant__1': <function <lambda> at 0x7ff4ca23c3a0>}, 'p_c': 0.1, 'p_test': 0.2}"
6d62ce74-e071-11ee-b91b-badda4640570,"[{'elitism': True, 'log': 1, 'verbose': 1, 'test_elite': True, 'log_path': '/Users/jimmy/Documents/Refresh/SLIMSHADY/SlimShady/main/log/logger.csv', 'run_info': ['StandardGSGP', UUID('6d62ce74-e071-11ee-b91b-badda4640570'), 'ld50'], 'max_': False, 'ffunction': <function rmse at 0x7fa6b09393f0>, 'n_iter': 100, 'max_depth': 17, 'n_elites': 1}, {'initializer': <function rhh at 0x7fa6b0939870>, 'selector': <function tournament_selection_min.<locals>.ts at 0x7fa6b0a3c4c0>, 'crossover': <function geometric_crossover at 0x7fa6b0939990>, 'ms': tensor([0.2500, 0.5000, 0.7500, 1.0000, 1.2500, 1.5000, 1.7500, 2.0000, 2.2500,
        2.5000, 2.7500, 3.0000, 3.2500, 3.5000, 3.7500, 4.0000, 4.2500, 4.5000,
        4.7500, 5.0000]), 'inflate_mutator': <function two_trees_inflate_mutation.<locals>.tt_inflate at 0x7fa6f00abd90>, 'deflate_mutator': <function deflate_mutation at 0x7fa6b0a33b50>, 'p_xo': 0, 'pop_size': 100, 'settings_dict': {'p_test': 0.2}, 'find_elit_func': <function get_best_min at 0x7fa6b0939120>, 'p_inflate': 0.3, 'p_deflate': 0.7, 'p_m': 0.8}, {'init_pop_size': 100, 'init_depth': 8, 'FUNCTIONS': {'add': {'function': <function <lambda> at 0x7fa6f01f6560>, 'arity': 2}, 'subtract': {'function': <function <lambda> at 0x7fa6b0a33be0>, 'arity': 2}, 'multiply': {'function': <function <lambda> at 0x7fa6b0a33c70>, 'arity': 2}, 'divide': {'function': <function <lambda> at 0x7fa6b0a33d00>, 'arity': 2}, 'mean': {'function': <function <lambda> at 0x7fa6b0a33d90>, 'arity': 2}, 'tan': {'function': <function <lambda> at 0x7fa6b0a33e20>, 'arity': 1}, 'sin': {'function': <function <lambda> at 0x7fa6b0a33eb0>, 'arity': 1}, 'cos': {'function': <function <lambda> at 0x7fa6b0a33f40>, 'arity': 1}}, 'CONSTANTS': {'constant_2': <function <lambda> at 0x7fa6b0a3c040>, 'constant_3': <function <lambda> at 0x7fa6b0a3c0d0>, 'constant_4': <function <lambda> at 0x7fa6b0a3c160>, 'constant_5': <function <lambda> at 0x7fa6b0a3c1f0>, 'constant__1': <function <lambda> at 0x7fa6b0a3c280>}, 'p_c': 0.1, 'TERMINALS': {'x0': 0, 'x1': 1, 'x2': 2, 'x3': 3, 'x4': 4, 'x5': 5, 'x6': 6, 'x7': 7, 'x8': 8, 'x9': 9, 'x10': 10, 'x11': 11, 'x12': 12, 'x13': 13, 'x14': 14, 'x15': 15, 'x16': 16, 'x17': 17, 'x18': 18, 'x19': 19, 'x20': 20, 'x21': 21, 'x22': 22, 'x23': 23, 'x24': 24, 'x25': 25, 'x26': 26, 'x27': 27, 'x28': 28, 'x29': 29, 'x30': 30, 'x31': 31, 'x32': 32, 'x33': 33, 'x34': 34, 'x35': 35, 'x36': 36, 'x37': 37, 'x38': 38, 'x39': 39, 'x40': 40, 'x41': 41, 'x42': 42, 'x43': 43, 'x44': 44, 'x45': 45, 'x46': 46, 'x47': 47, 'x48': 48, 'x49': 49, 'x50': 50, 'x51': 51, 'x52': 52, 'x53': 53, 'x54': 54, 'x55': 55, 'x56': 56, 'x57': 57, 'x58': 58, 'x59': 59, 'x60': 60, 'x61': 61, 'x62': 62, 'x63': 63, 'x64': 64, 'x65': 65, 'x66': 66, 'x67': 67, 'x68': 68, 'x69': 69, 'x70': 70, 'x71': 71, 'x72': 72, 'x73': 73, 'x74': 74, 'x75': 75, 'x76': 76, 'x77': 77, 'x78': 78, 'x79': 79, 'x80': 80, 'x81': 81, 'x82': 82, 'x83': 83, 'x84': 84, 'x85': 85, 'x86': 86, 'x87': 87, 'x88': 88, 'x89': 89, 'x90': 90, 'x91': 91, 'x92': 92, 'x93': 93, 'x94': 94, 'x95': 95, 'x96': 96, 'x97': 97, 'x98': 98, 'x99': 99, 'x100': 100, 'x101': 101, 'x102': 102, 'x103': 103, 'x104': 104, 'x105': 105, 'x106': 106, 'x107': 107, 'x108': 108, 'x109': 109, 'x110': 110, 'x111': 111, 'x112': 112, 'x113': 113, 'x114': 114, 'x115': 115, 'x116': 116, 'x117': 117, 'x118': 118, 'x119': 119, 'x120': 120, 'x121': 121, 'x122': 122, 'x123': 123, 'x124': 124, 'x125': 125, 'x126': 126, 'x127': 127, 'x128': 128, 'x129': 129, 'x130': 130, 'x131': 131, 'x132': 132, 'x133': 133, 'x134': 134, 'x135': 135, 'x136': 136, 'x137': 137, 'x138': 138, 'x139': 139, 'x140': 140, 'x141': 141, 'x142': 142, 'x143': 143, 'x144': 144, 'x145': 145, 'x146': 146, 'x147': 147, 'x148': 148, 'x149': 149, 'x150': 150, 'x151': 151, 'x152': 152, 'x153': 153, 'x154': 154, 'x155': 155, 'x156': 156, 'x157': 157, 'x158': 158, 'x159': 159, 'x160': 160, 'x161': 161, 'x162': 162, 'x163': 163, 'x164': 164, 'x165': 165, 'x166': 166, 'x167': 167, 'x168': 168, 'x169': 169, 'x170': 170, 'x171': 171, 'x172': 172, 'x173': 173, 'x174': 174, 'x175': 175, 'x176': 176, 'x177': 177, 'x178': 178, 'x179': 179, 'x180': 180, 'x181': 181, 'x182': 182, 'x183': 183, 'x184': 184, 'x185': 185, 'x186': 186, 'x187': 187, 'x188': 188, 'x189': 189, 'x190': 190, 'x191': 191, 'x192': 192, 'x193': 193, 'x194': 194, 'x195': 195, 'x196': 196, 'x197': 197, 'x198': 198, 'x199': 199, 'x200': 200, 'x201': 201, 'x202': 202, 'x203': 203, 'x204': 204, 'x205': 205, 'x206': 206, 'x207': 207, 'x208': 208, 'x209': 209, 'x210': 210, 'x211': 211, 'x212': 212, 'x213': 213, 'x214': 214, 'x215': 215, 'x216': 216, 'x217': 217, 'x218': 218, 'x219': 219, 'x220': 220, 'x221': 221, 'x222': 222, 'x223': 223, 'x224': 224, 'x225': 225, 'x226': 226, 'x227': 227, 'x228': 228, 'x229': 229, 'x230': 230, 'x231': 231, 'x232': 232, 'x233': 233, 'x234': 234, 'x235': 235, 'x236': 236, 'x237': 237, 'x238': 238, 'x239': 239, 'x240': 240, 'x241': 241, 'x242': 242, 'x243': 243, 'x244': 244, 'x245': 245, 'x246': 246, 'x247': 247, 'x248': 248, 'x249': 249, 'x250': 250, 'x251': 251, 'x252': 252, 'x253': 253, 'x254': 254, 'x255': 255, 'x256': 256, 'x257': 257, 'x258': 258, 'x259': 259, 'x260': 260, 'x261': 261, 'x262': 262, 'x263': 263, 'x264': 264, 'x265': 265, 'x266': 266, 'x267': 267, 'x268': 268, 'x269': 269, 'x270': 270, 'x271': 271, 'x272': 272, 'x273': 273, 'x274': 274, 'x275': 275, 'x276': 276, 'x277': 277, 'x278': 278, 'x279': 279, 'x280': 280, 'x281': 281, 'x282': 282, 'x283': 283, 'x284': 284, 'x285': 285, 'x286': 286, 'x287': 287, 'x288': 288, 'x289': 289, 'x290': 290, 'x291': 291, 'x292': 292, 'x293': 293, 'x294': 294, 'x295': 295, 'x296': 296, 'x297': 297, 'x298': 298, 'x299': 299, 'x300': 300, 'x301': 301, 'x302': 302, 'x303': 303, 'x304': 304, 'x305': 305, 'x306': 306, 'x307': 307, 'x308': 308, 'x309': 309, 'x310': 310, 'x311': 311, 'x312': 312, 'x313': 313, 'x314': 314, 'x315': 315, 'x316': 316, 'x317': 317, 'x318': 318, 'x319': 319, 'x320': 320, 'x321': 321, 'x322': 322, 'x323': 323, 'x324': 324, 'x325': 325, 'x326': 326, 'x327': 327, 'x328': 328, 'x329': 329, 'x330': 330, 'x331': 331, 'x332': 332, 'x333': 333, 'x334': 334, 'x335': 335, 'x336': 336, 'x337': 337, 'x338': 338, 'x339': 339, 'x340': 340, 'x341': 341, 'x342': 342, 'x343': 343, 'x344': 344, 'x345': 345, 'x346': 346, 'x347': 347, 'x348': 348, 'x349': 349, 'x350': 350, 'x351': 351, 'x352': 352, 'x353': 353, 'x354': 354, 'x355': 355, 'x356': 356, 'x357': 357, 'x358': 358, 'x359': 359, 'x360': 360, 'x361': 361, 'x362': 362, 'x363': 363, 'x364': 364, 'x365': 365, 'x366': 366, 'x367': 367, 'x368': 368, 'x369': 369, 'x370': 370, 'x371': 371, 'x372': 372, 'x373': 373, 'x374': 374, 'x375': 375, 'x376': 376, 'x377': 377, 'x378': 378, 'x379': 379, 'x380': 380, 'x381': 381, 'x382': 382, 'x383': 383, 'x384': 384, 'x385': 385, 'x386': 386, 'x387': 387, 'x388': 388, 'x389': 389, 'x390': 390, 'x391': 391, 'x392': 392, 'x393': 393, 'x394': 394, 'x395': 395, 'x396': 396, 'x397': 397, 'x398': 398, 'x399': 399, 'x400': 400, 'x401': 401, 'x402': 402, 'x403': 403, 'x404': 404, 'x405': 405, 'x406': 406, 'x407': 407, 'x408': 408, 'x409': 409, 'x410': 410, 'x411': 411, 'x412': 412, 'x413': 413, 'x414': 414, 'x415': 415, 'x416': 416, 'x417': 417, 'x418': 418, 'x419': 419, 'x420': 420, 'x421': 421, 'x422': 422, 'x423': 423, 'x424': 424, 'x425': 425, 'x426': 426, 'x427': 427, 'x428': 428, 'x429': 429, 'x430': 430, 'x431': 431, 'x432': 432, 'x433': 433, 'x434': 434, 'x435': 435, 'x436': 436, 'x437': 437, 'x438': 438, 'x439': 439, 'x440': 440, 'x441': 441, 'x442': 442, 'x443': 443, 'x444': 444, 'x445': 445, 'x446': 446, 'x447': 447, 'x448': 448, 'x449': 449, 'x450': 450, 'x451': 451, 'x452': 452, 'x453': 453, 'x454': 454, 'x455': 455, 'x456': 456, 'x457': 457, 'x458': 458, 'x459': 459, 'x460': 460, 'x461': 461, 'x462': 462, 'x463': 463, 'x464': 464, 'x465': 465, 'x466': 466, 'x467': 467, 'x468': 468, 'x469': 469, 'x470': 470, 'x471': 471, 'x472': 472, 'x473': 473, 'x474': 474, 'x475': 475, 'x476': 476, 'x477': 477, 'x478': 478, 'x479': 479, 'x480': 480, 'x481': 481, 'x482': 482, 'x483': 483, 'x484': 484, 'x485': 485, 'x486': 486, 'x487': 487, 'x488': 488, 'x489': 489, 'x490': 490, 'x491': 491, 'x492': 492, 'x493': 493, 'x494': 494, 'x495': 495, 'x496': 496, 'x497': 497, 'x498': 498, 'x499': 499, 'x500': 500, 'x501': 501, 'x502': 502, 'x503': 503, 'x504': 504, 'x505': 505, 'x506': 506, 'x507': 507, 'x508': 508, 'x509': 509, 'x510': 510, 'x511': 511, 'x512': 512, 'x513': 513, 'x514': 514, 'x515': 515, 'x516': 516, 'x517': 517, 'x518': 518, 'x519': 519, 'x520': 520, 'x521': 521, 'x522': 522, 'x523': 523, 'x524': 524, 'x525': 525, 'x526': 526, 'x527': 527, 'x528': 528, 'x529': 529, 'x530': 530, 'x531': 531, 'x532': 532, 'x533': 533, 'x534': 534, 'x535': 535, 'x536': 536, 'x537': 537, 'x538': 538, 'x539': 539, 'x540': 540, 'x541': 541, 'x542': 542, 'x543': 543, 'x544': 544, 'x545': 545, 'x546': 546, 'x547': 547, 'x548': 548, 'x549': 549, 'x550': 550, 'x551': 551, 'x552': 552, 'x553': 553, 'x554': 554, 'x555': 555, 'x556': 556, 'x557': 557, 'x558': 558, 'x559': 559, 'x560': 560, 'x561': 561, 'x562': 562, 'x563': 563, 'x564': 564, 'x565': 565, 'x566': 566, 'x567': 567, 'x568': 568, 'x569': 569, 'x570': 570, 'x571': 571, 'x572': 572, 'x573': 573, 'x574': 574, 'x575': 575, 'x576': 576, 'x577': 577, 'x578': 578, 'x579': 579, 'x580': 580, 'x581': 581, 'x582': 582, 'x583': 583, 'x584': 584, 'x585': 585, 'x586': 586, 'x587': 587, 'x588': 588, 'x589': 589, 'x590': 590, 'x591': 591, 'x592': 592, 'x593': 593, 'x594': 594, 'x595': 595, 'x596': 596, 'x597': 597, 'x598': 598, 'x599': 599, 'x600': 600, 'x601': 601, 'x602': 602, 'x603': 603, 'x604': 604, 'x605': 605, 'x606': 606, 'x607': 607, 'x608': 608, 'x609': 609, 'x610': 610, 'x611': 611, 'x612': 612, 'x613': 613, 'x614': 614, 'x615': 615, 'x616': 616, 'x617': 617, 'x618': 618, 'x619': 619, 'x620': 620, 'x621': 621, 'x622': 622, 'x623': 623, 'x624': 624, 'x625': 625}}]"
f1c8eb34-e072-11ee-a499-badda4640570,"{'elitism': True, 'log': 1, 'verbose': 1, 'test_elite': True, 'log_path': '/Users/jimmy/Documents/Refresh/SLIMSHADY/SlimShady/main/log/logger.csv', 'run_info': ['StandardGSGP', UUID('f1c8eb34-e072-11ee-a499-badda4640570'), 'ld50'], 'max_': False, 'ffunction': <function rmse at 0x7fb198b693f0>, 'n_iter': 100, 'max_depth': 17, 'n_elites': 1, 'initializer': <function rhh at 0x7fb198b69870>, 'selector': <function tournament_selection_min.<locals>.ts at 0x7fb1b91b04c0>, 'crossover': <function geometric_crossover at 0x7fb198b69990>, 'ms': tensor([0.2500, 0.5000, 0.7500, 1.0000, 1.2500, 1.5000, 1.7500, 2.0000, 2.2500,
        2.5000, 2.7500, 3.0000, 3.2500, 3.5000, 3.7500, 4.0000, 4.2500, 4.5000,
        4.7500, 5.0000]), 'inflate_mutator': <function two_trees_inflate_mutation.<locals>.tt_inflate at 0x7fb1c80abd90>, 'deflate_mutator': <function deflate_mutation at 0x7fb1b919fb50>, 'p_xo': 0, 'pop_size': 100, 'settings_dict': {'p_test': 0.2}, 'find_elit_func': <function get_best_min at 0x7fb198b69120>, 'p_inflate': 0.3, 'p_deflate': 0.7, 'p_m': 0.8, 'init_pop_size': 100, 'init_depth': 8, 'FUNCTIONS': {'add': {'function': <function <lambda> at 0x7fb1c81f71c0>, 'arity': 2}, 'subtract': {'function': <function <lambda> at 0x7fb1b919fbe0>, 'arity': 2}, 'multiply': {'function': <function <lambda> at 0x7fb1b919fc70>, 'arity': 2}, 'divide': {'function': <function <lambda> at 0x7fb1b919fd00>, 'arity': 2}, 'mean': {'function': <function <lambda> at 0x7fb1b919fd90>, 'arity': 2}, 'tan': {'function': <function <lambda> at 0x7fb1b919fe20>, 'arity': 1}, 'sin': {'function': <function <lambda> at 0x7fb1b919feb0>, 'arity': 1}, 'cos': {'function': <function <lambda> at 0x7fb1b919ff40>, 'arity': 1}}, 'CONSTANTS': {'constant_2': <function <lambda> at 0x7fb1b91b0040>, 'constant_3': <function <lambda> at 0x7fb1b91b00d0>, 'constant_4': <function <lambda> at 0x7fb1b91b0160>, 'constant_5': <function <lambda> at 0x7fb1b91b01f0>, 'constant__1': <function <lambda> at 0x7fb1b91b0280>}, 'p_c': 0.1, 'TERMINALS': {'x0': 0, 'x1': 1, 'x2': 2, 'x3': 3, 'x4': 4, 'x5': 5, 'x6': 6, 'x7': 7, 'x8': 8, 'x9': 9, 'x10': 10, 'x11': 11, 'x12': 12, 'x13': 13, 'x14': 14, 'x15': 15, 'x16': 16, 'x17': 17, 'x18': 18, 'x19': 19, 'x20': 20, 'x21': 21, 'x22': 22, 'x23': 23, 'x24': 24, 'x25': 25, 'x26': 26, 'x27': 27, 'x28': 28, 'x29': 29, 'x30': 30, 'x31': 31, 'x32': 32, 'x33': 33, 'x34': 34, 'x35': 35, 'x36': 36, 'x37': 37, 'x38': 38, 'x39': 39, 'x40': 40, 'x41': 41, 'x42': 42, 'x43': 43, 'x44': 44, 'x45': 45, 'x46': 46, 'x47': 47, 'x48': 48, 'x49': 49, 'x50': 50, 'x51': 51, 'x52': 52, 'x53': 53, 'x54': 54, 'x55': 55, 'x56': 56, 'x57': 57, 'x58': 58, 'x59': 59, 'x60': 60, 'x61': 61, 'x62': 62, 'x63': 63, 'x64': 64, 'x65': 65, 'x66': 66, 'x67': 67, 'x68': 68, 'x69': 69, 'x70': 70, 'x71': 71, 'x72': 72, 'x73': 73, 'x74': 74, 'x75': 75, 'x76': 76, 'x77': 77, 'x78': 78, 'x79': 79, 'x80': 80, 'x81': 81, 'x82': 82, 'x83': 83, 'x84': 84, 'x85': 85, 'x86': 86, 'x87': 87, 'x88': 88, 'x89': 89, 'x90': 90, 'x91': 91, 'x92': 92, 'x93': 93, 'x94': 94, 'x95': 95, 'x96': 96, 'x97': 97, 'x98': 98, 'x99': 99, 'x100': 100, 'x101': 101, 'x102': 102, 'x103': 103, 'x104': 104, 'x105': 105, 'x106': 106, 'x107': 107, 'x108': 108, 'x109': 109, 'x110': 110, 'x111': 111, 'x112': 112, 'x113': 113, 'x114': 114, 'x115': 115, 'x116': 116, 'x117': 117, 'x118': 118, 'x119': 119, 'x120': 120, 'x121': 121, 'x122': 122, 'x123': 123, 'x124': 124, 'x125': 125, 'x126': 126, 'x127': 127, 'x128': 128, 'x129': 129, 'x130': 130, 'x131': 131, 'x132': 132, 'x133': 133, 'x134': 134, 'x135': 135, 'x136': 136, 'x137': 137, 'x138': 138, 'x139': 139, 'x140': 140, 'x141': 141, 'x142': 142, 'x143': 143, 'x144': 144, 'x145': 145, 'x146': 146, 'x147': 147, 'x148': 148, 'x149': 149, 'x150': 150, 'x151': 151, 'x152': 152, 'x153': 153, 'x154': 154, 'x155': 155, 'x156': 156, 'x157': 157, 'x158': 158, 'x159': 159, 'x160': 160, 'x161': 161, 'x162': 162, 'x163': 163, 'x164': 164, 'x165': 165, 'x166': 166, 'x167': 167, 'x168': 168, 'x169': 169, 'x170': 170, 'x171': 171, 'x172': 172, 'x173': 173, 'x174': 174, 'x175': 175, 'x176': 176, 'x177': 177, 'x178': 178, 'x179': 179, 'x180': 180, 'x181': 181, 'x182': 182, 'x183': 183, 'x184': 184, 'x185': 185, 'x186': 186, 'x187': 187, 'x188': 188, 'x189': 189, 'x190': 190, 'x191': 191, 'x192': 192, 'x193': 193, 'x194': 194, 'x195': 195, 'x196': 196, 'x197': 197, 'x198': 198, 'x199': 199, 'x200': 200, 'x201': 201, 'x202': 202, 'x203': 203, 'x204': 204, 'x205': 205, 'x206': 206, 'x207': 207, 'x208': 208, 'x209': 209, 'x210': 210, 'x211': 211, 'x212': 212, 'x213': 213, 'x214': 214, 'x215': 215, 'x216': 216, 'x217': 217, 'x218': 218, 'x219': 219, 'x220': 220, 'x221': 221, 'x222': 222, 'x223': 223, 'x224': 224, 'x225': 225, 'x226': 226, 'x227': 227, 'x228': 228, 'x229': 229, 'x230': 230, 'x231': 231, 'x232': 232, 'x233': 233, 'x234': 234, 'x235': 235, 'x236': 236, 'x237': 237, 'x238': 238, 'x239': 239, 'x240': 240, 'x241': 241, 'x242': 242, 'x243': 243, 'x244': 244, 'x245': 245, 'x246': 246, 'x247': 247, 'x248': 248, 'x249': 249, 'x250': 250, 'x251': 251, 'x252': 252, 'x253': 253, 'x254': 254, 'x255': 255, 'x256': 256, 'x257': 257, 'x258': 258, 'x259': 259, 'x260': 260, 'x261': 261, 'x262': 262, 'x263': 263, 'x264': 264, 'x265': 265, 'x266': 266, 'x267': 267, 'x268': 268, 'x269': 269, 'x270': 270, 'x271': 271, 'x272': 272, 'x273': 273, 'x274': 274, 'x275': 275, 'x276': 276, 'x277': 277, 'x278': 278, 'x279': 279, 'x280': 280, 'x281': 281, 'x282': 282, 'x283': 283, 'x284': 284, 'x285': 285, 'x286': 286, 'x287': 287, 'x288': 288, 'x289': 289, 'x290': 290, 'x291': 291, 'x292': 292, 'x293': 293, 'x294': 294, 'x295': 295, 'x296': 296, 'x297': 297, 'x298': 298, 'x299': 299, 'x300': 300, 'x301': 301, 'x302': 302, 'x303': 303, 'x304': 304, 'x305': 305, 'x306': 306, 'x307': 307, 'x308': 308, 'x309': 309, 'x310': 310, 'x311': 311, 'x312': 312, 'x313': 313, 'x314': 314, 'x315': 315, 'x316': 316, 'x317': 317, 'x318': 318, 'x319': 319, 'x320': 320, 'x321': 321, 'x322': 322, 'x323': 323, 'x324': 324, 'x325': 325, 'x326': 326, 'x327': 327, 'x328': 328, 'x329': 329, 'x330': 330, 'x331': 331, 'x332': 332, 'x333': 333, 'x334': 334, 'x335': 335, 'x336': 336, 'x337': 337, 'x338': 338, 'x339': 339, 'x340': 340, 'x341': 341, 'x342': 342, 'x343': 343, 'x344': 344, 'x345': 345, 'x346': 346, 'x347': 347, 'x348': 348, 'x349': 349, 'x350': 350, 'x351': 351, 'x352': 352, 'x353': 353, 'x354': 354, 'x355': 355, 'x356': 356, 'x357': 357, 'x358': 358, 'x359': 359, 'x360': 360, 'x361': 361, 'x362': 362, 'x363': 363, 'x364': 364, 'x365': 365, 'x366': 366, 'x367': 367, 'x368': 368, 'x369': 369, 'x370': 370, 'x371': 371, 'x372': 372, 'x373': 373, 'x374': 374, 'x375': 375, 'x376': 376, 'x377': 377, 'x378': 378, 'x379': 379, 'x380': 380, 'x381': 381, 'x382': 382, 'x383': 383, 'x384': 384, 'x385': 385, 'x386': 386, 'x387': 387, 'x388': 388, 'x389': 389, 'x390': 390, 'x391': 391, 'x392': 392, 'x393': 393, 'x394': 394, 'x395': 395, 'x396': 396, 'x397': 397, 'x398': 398, 'x399': 399, 'x400': 400, 'x401': 401, 'x402': 402, 'x403': 403, 'x404': 404, 'x405': 405, 'x406': 406, 'x407': 407, 'x408': 408, 'x409': 409, 'x410': 410, 'x411': 411, 'x412': 412, 'x413': 413, 'x414': 414, 'x415': 415, 'x416': 416, 'x417': 417, 'x418': 418, 'x419': 419, 'x420': 420, 'x421': 421, 'x422': 422, 'x423': 423, 'x424': 424, 'x425': 425, 'x426': 426, 'x427': 427, 'x428': 428, 'x429': 429, 'x430': 430, 'x431': 431, 'x432': 432, 'x433': 433, 'x434': 434, 'x435': 435, 'x436': 436, 'x437': 437, 'x438': 438, 'x439': 439, 'x440': 440, 'x441': 441, 'x442': 442, 'x443': 443, 'x444': 444, 'x445': 445, 'x446': 446, 'x447': 447, 'x448': 448, 'x449': 449, 'x450': 450, 'x451': 451, 'x452': 452, 'x453': 453, 'x454': 454, 'x455': 455, 'x456': 456, 'x457': 457, 'x458': 458, 'x459': 459, 'x460': 460, 'x461': 461, 'x462': 462, 'x463': 463, 'x464': 464, 'x465': 465, 'x466': 466, 'x467': 467, 'x468': 468, 'x469': 469, 'x470': 470, 'x471': 471, 'x472': 472, 'x473': 473, 'x474': 474, 'x475': 475, 'x476': 476, 'x477': 477, 'x478': 478, 'x479': 479, 'x480': 480, 'x481': 481, 'x482': 482, 'x483': 483, 'x484': 484, 'x485': 485, 'x486': 486, 'x487': 487, 'x488': 488, 'x489': 489, 'x490': 490, 'x491': 491, 'x492': 492, 'x493': 493, 'x494': 494, 'x495': 495, 'x496': 496, 'x497': 497, 'x498': 498, 'x499': 499, 'x500': 500, 'x501': 501, 'x502': 502, 'x503': 503, 'x504': 504, 'x505': 505, 'x506': 506, 'x507': 507, 'x508': 508, 'x509': 509, 'x510': 510, 'x511': 511, 'x512': 512, 'x513': 513, 'x514': 514, 'x515': 515, 'x516': 516, 'x517': 517, 'x518': 518, 'x519': 519, 'x520': 520, 'x521': 521, 'x522': 522, 'x523': 523, 'x524': 524, 'x525': 525, 'x526': 526, 'x527': 527, 'x528': 528, 'x529': 529, 'x530': 530, 'x531': 531, 'x532': 532, 'x533': 533, 'x534': 534, 'x535': 535, 'x536': 536, 'x537': 537, 'x538': 538, 'x539': 539, 'x540': 540, 'x541': 541, 'x542': 542, 'x543': 543, 'x544': 544, 'x545': 545, 'x546': 546, 'x547': 547, 'x548': 548, 'x549': 549, 'x550': 550, 'x551': 551, 'x552': 552, 'x553': 553, 'x554': 554, 'x555': 555, 'x556': 556, 'x557': 557, 'x558': 558, 'x559': 559, 'x560': 560, 'x561': 561, 'x562': 562, 'x563': 563, 'x564': 564, 'x565': 565, 'x566': 566, 'x567': 567, 'x568': 568, 'x569': 569, 'x570': 570, 'x571': 571, 'x572': 572, 'x573': 573, 'x574': 574, 'x575': 575, 'x576': 576, 'x577': 577, 'x578': 578, 'x579': 579, 'x580': 580, 'x581': 581, 'x582': 582, 'x583': 583, 'x584': 584, 'x585': 585, 'x586': 586, 'x587': 587, 'x588': 588, 'x589': 589, 'x590': 590, 'x591': 591, 'x592': 592, 'x593': 593, 'x594': 594, 'x595': 595, 'x596': 596, 'x597': 597, 'x598': 598, 'x599': 599, 'x600': 600, 'x601': 601, 'x602': 602, 'x603': 603, 'x604': 604, 'x605': 605, 'x606': 606, 'x607': 607, 'x608': 608, 'x609': 609, 'x610': 610, 'x611': 611, 'x612': 612, 'x613': 613, 'x614': 614, 'x615': 615, 'x616': 616, 'x617': 617, 'x618': 618, 'x619': 619, 'x620': 620, 'x621': 621, 'x622': 622, 'x623': 623, 'x624': 624, 'x625': 625}, 'p_test': 0.2}"
1d4a1c2e-e073-11ee-bc32-badda4640570,"{'elitism': True, 'log': 1, 'verbose': 1, 'test_elite': True, 'log_path': '/Users/jimmy/Documents/Refresh/SLIMSHADY/SlimShady/main/log/logger.csv', 'run_info': ['StandardGSGP', UUID('1d4a1c2e-e073-11ee-bc32-badda4640570'), 'ld50'], 'max_': False, 'ffunction': <function rmse at 0x7fbe608f13f0>, 'n_iter': 100, 'max_depth': 17, 'n_elites': 1, 'initializer': <function rhh at 0x7fbe608f1870>, 'selector': <function tournament_selection_min.<locals>.ts at 0x7fbe615e44c0>, 'crossover': <function geometric_crossover at 0x7fbe608f1990>, 'ms': tensor([0.2500, 0.5000, 0.7500, 1.0000, 1.2500, 1.5000, 1.7500, 2.0000, 2.2500,
        2.5000, 2.7500, 3.0000, 3.2500, 3.5000, 3.7500, 4.0000, 4.2500, 4.5000,
        4.7500, 5.0000]), 'inflate_mutator': <function two_trees_inflate_mutation.<locals>.tt_inflate at 0x7fbe800abd90>, 'deflate_mutator': <function deflate_mutation at 0x7fbe615cfb50>, 'p_xo': 0, 'pop_size': 100, 'settings_dict': {'p_test': 0.2}, 'find_elit_func': <function get_best_min at 0x7fbe608f1120>, 'p_inflate': 0.3, 'p_deflate': 0.7, 'p_m': 0.8, 'init_pop_size': 100, 'init_depth': 8, 'FUNCTIONS': {'add': {'function': <function <lambda> at 0x7fbe801f6560>, 'arity': 2}, 'subtract': {'function': <function <lambda> at 0x7fbe615cfbe0>, 'arity': 2}, 'multiply': {'function': <function <lambda> at 0x7fbe615cfc70>, 'arity': 2}, 'divide': {'function': <function <lambda> at 0x7fbe615cfd00>, 'arity': 2}, 'mean': {'function': <function <lambda> at 0x7fbe615cfd90>, 'arity': 2}, 'tan': {'function': <function <lambda> at 0x7fbe615cfe20>, 'arity': 1}, 'sin': {'function': <function <lambda> at 0x7fbe615cfeb0>, 'arity': 1}, 'cos': {'function': <function <lambda> at 0x7fbe615cff40>, 'arity': 1}}, 'CONSTANTS': {'constant_2': <function <lambda> at 0x7fbe615e4040>, 'constant_3': <function <lambda> at 0x7fbe615e40d0>, 'constant_4': <function <lambda> at 0x7fbe615e4160>, 'constant_5': <function <lambda> at 0x7fbe615e41f0>, 'constant__1': <function <lambda> at 0x7fbe615e4280>}, 'p_c': 0.1, 'p_test': 0.2}"
18b0ed20-e076-11ee-ba50-badda4640570,"{'elitism': True, 'log': 1, 'verbose': 1, 'test_elite': True, 'log_path': '/Users/jimmy/Documents/Refresh/SLIMSHADY/SlimShady/main/log/logger.csv', 'run_info': ['StandardGSGP', UUID('18b0ed20-e076-11ee-ba50-badda4640570'), 'ld50'], 'max_': False, 'ffunction': <function rmse at 0x7f9b301392d0>, 'n_iter': 100, 'reconstruct': False, 'initializer': <function rhh at 0x7f9b30139750>, 'selector': <function tournament_selection_min.<locals>.ts at 0x7f9b62104310>, 'crossover': <function geometric_crossover at 0x7f9b30139870>, 'ms': tensor([0.2500, 0.5000, 0.7500, 1.0000, 1.2500, 1.5000, 1.7500, 2.0000, 2.2500,
        2.5000, 2.7500, 3.0000, 3.2500, 3.5000, 3.7500, 4.0000, 4.2500, 4.5000,
        4.7500, 5.0000]), 'mutator': <function standard_one_tree_geometric_mutation at 0x7f9b30139ab0>, 'p_xo': 0.8, 'pop_size': 100, 'settings_dict': {'p_test': 0.2}, 'find_elit_func': <function get_best_min at 0x7f9b30139000>, 'p_m': 0.8, 'init_pop_size': 100, 'init_depth': 8, 'FUNCTIONS': {'add': {'function': <function <lambda> at 0x7f9b801f70a0>, 'arity': 2}, 'subtract': {'function': <function <lambda> at 0x7f9b620efac0>, 'arity': 2}, 'multiply': {'function': <function <lambda> at 0x7f9b620efb50>, 'arity': 2}, 'divide': {'function': <function <lambda> at 0x7f9b620efbe0>, 'arity': 2}, 'mean': {'function': <function <lambda> at 0x7f9b620efc70>, 'arity': 2}, 'tan': {'function': <function <lambda> at 0x7f9b620efd00>, 'arity': 1}, 'sin': {'function': <function <lambda> at 0x7f9b620efd90>, 'arity': 1}, 'cos': {'function': <function <lambda> at 0x7f9b620efe20>, 'arity': 1}}, 'CONSTANTS': {'constant_2': <function <lambda> at 0x7f9b620efeb0>, 'constant_3': <function <lambda> at 0x7f9b620eff40>, 'constant_4': <function <lambda> at 0x7f9b62104040>, 'constant_5': <function <lambda> at 0x7f9b621040d0>, 'constant__1': <function <lambda> at 0x7f9b62104160>}, 'p_c': 0.1, 'p_test': 0.2}"
0d5697f8-e077-11ee-8623-badda4640570,"{'elitism': True, 'log': 1, 'verbose': 1, 'test_elite': True, 'log_path': '/Users/jimmy/Documents/Refresh/SLIMSHADY/SlimShady/main/log/logger.csv', 'run_info': ['StandardGP', UUID('0d5697f8-e077-11ee-8623-badda4640570'), 'ld50'], 'max_depth': 17, 'max_': False, 'ffunction': <function rmse at 0x7fb898b3d240>, 'n_iter': 100, 'n_elites': 1, 'initializer': <function rhh at 0x7fb898b3d6c0>, 'selector': <function tournament_selection_min.<locals>.ts at 0x7fb88975c160>, 'crossover': <function crossover_trees.<locals>.inner_xo at 0x7fb88975c1f0>, 'p_xo': 0.2, 'pop_size': 100, 'settings_dict': {'p_test': 0.2}, 'find_elit_func': <function get_best_min at 0x7fb898b3cf70>, 'p_m': 0.8, 'mutator': <function mutate_tree_subtree.<locals>.inner_mut at 0x7fb8980abd90>, 'init_pop_size': 100, 'init_depth': 8, 'FUNCTIONS': {'add': {'function': <function <lambda> at 0x7fb8981f6560>, 'arity': 2}, 'subtract': {'function': <function <lambda> at 0x7fb889747a30>, 'arity': 2}, 'multiply': {'function': <function <lambda> at 0x7fb889747ac0>, 'arity': 2}, 'divide': {'function': <function <lambda> at 0x7fb889747b50>, 'arity': 2}, 'mean': {'function': <function <lambda> at 0x7fb889747be0>, 'arity': 2}, 'tan': {'function': <function <lambda> at 0x7fb889747c70>, 'arity': 1}, 'sin': {'function': <function <lambda> at 0x7fb889747d00>, 'arity': 1}, 'cos': {'function': <function <lambda> at 0x7fb889747d90>, 'arity': 1}}, 'CONSTANTS': {'constant_2': <function <lambda> at 0x7fb889747e20>, 'constant_3': <function <lambda> at 0x7fb889747eb0>, 'constant_4': <function <lambda> at 0x7fb889747f40>, 'constant_5': <function <lambda> at 0x7fb88975c040>, 'constant__1': <function <lambda> at 0x7fb88975c0d0>}, 'p_c': 0.1, 'p_terminals': 0.5, 'p_test': 0.2}"
9de0eb08-e157-11ee-a25b-badda4640570,"{'elitism': True, 'log': 2, 'verbose': 1, 'test_elite': True, 'log_path': '/Users/jimmy/Documents/Refresh/SLIMSHADY/SlimShady/main/log/logger_checking.csv', 'run_info': ['StandardGSGP', UUID('9de0eb08-e157-11ee-a25b-badda4640570'), 'parkinson_updrs'], 'max_': False, 'ffunction': <function rmse at 0x7f9b38af1750>, 'n_iter': 100, 'max_depth': 17, 'n_elites': 1, 'initializer': <function rhh at 0x7f9b38af1bd0>, 'selector': <function tournament_selection_min_slim.<locals>.ts at 0x7f9b392588b0>, 'crossover': <function geometric_crossover at 0x7f9b38af1cf0>, 'ms': tensor([0.2500, 0.5000, 0.7500, 1.0000, 1.2500, 1.5000, 1.7500, 2.0000, 2.2500,
        2.5000, 2.7500, 3.0000, 3.2500, 3.5000, 3.7500, 4.0000, 4.2500, 4.5000,
        4.7500, 5.0000]), 'inflate_mutator': <function inflate_mutation.<locals>.inflate at 0x7f9b395bfb50>, 'deflate_mutator': <function deflate_mutation at 0x7f9b39258040>, 'p_xo': 0, 'pop_size': 100, 'settings_dict': {'p_test': 0.2}, 'find_elit_func': <function get_best_min at 0x7f9b38af1480>, 'p_inflate': 0.3, 'p_deflate': 0.7, 'p_m': 0.8, 'init_pop_size': 100, 'init_depth': 8, 'FUNCTIONS': {'add': {'function': <function <lambda> at 0x7f9b581f70a0>, 'arity': 2}, 'subtract': {'function': <function <lambda> at 0x7f9b392477f0>, 'arity': 2}, 'multiply': {'function': <function <lambda> at 0x7f9b392580d0>, 'arity': 2}, 'divide': {'function': <function <lambda> at 0x7f9b39258160>, 'arity': 2}, 'mean': {'function': <function <lambda> at 0x7f9b392581f0>, 'arity': 2}, 'tan': {'function': <function <lambda> at 0x7f9b39258280>, 'arity': 1}, 'sin': {'function': <function <lambda> at 0x7f9b39258310>, 'arity': 1}, 'cos': {'function': <function <lambda> at 0x7f9b392583a0>, 'arity': 1}}, 'CONSTANTS': {'constant_2': <function <lambda> at 0x7f9b39258430>, 'constant_3': <function <lambda> at 0x7f9b392584c0>, 'constant_4': <function <lambda> at 0x7f9b39258550>, 'constant_5': <function <lambda> at 0x7f9b392585e0>, 'constant__1': <function <lambda> at 0x7f9b39258670>}, 'p_c': 0.1, 'p_test': 0.2}"
9242cdda-e15b-11ee-ae0c-badda4640570,"{'elitism': True, 'log': 2, 'verbose': 1, 'test_elite': True, 'log_path': '/Users/jimmy/Documents/Refresh/SLIMSHADY/SlimShady/main/log/logger_checking.csv', 'run_info': ['StandardGSGP', UUID('9242cdda-e15b-11ee-ae0c-badda4640570'), 'parkinson_updrs'], 'max_': False, 'ffunction': <function rmse at 0x7fd9c0735750>, 'n_iter': 100, 'max_depth': 17, 'n_elites': 1, 'initializer': <function rhh at 0x7fd9c0735bd0>, 'selector': <function tournament_selection_min_slim.<locals>.ts at 0x7fd9e12ac8b0>, 'crossover': <function geometric_crossover at 0x7fd9c0735cf0>, 'ms': tensor([0.2500, 0.5000, 0.7500, 1.0000, 1.2500, 1.5000, 1.7500, 2.0000, 2.2500,
        2.5000, 2.7500, 3.0000, 3.2500, 3.5000, 3.7500, 4.0000, 4.2500, 4.5000,
        4.7500, 5.0000]), 'inflate_mutator': <function inflate_mutation.<locals>.inflate at 0x7fda01147b50>, 'deflate_mutator': <function deflate_mutation at 0x7fd9e12ac040>, 'p_xo': 0, 'pop_size': 100, 'settings_dict': {'p_test': 0.2}, 'find_elit_func': <function get_best_min at 0x7fd9c0735480>, 'p_inflate': 0.3, 'p_deflate': 0.7, 'p_m': 0.8, 'init_pop_size': 100, 'init_depth': 8, 'FUNCTIONS': {'add': {'function': <function <lambda> at 0x7fda000a70a0>, 'arity': 2}, 'subtract': {'function': <function <lambda> at 0x7fd9c0b3f7f0>, 'arity': 2}, 'multiply': {'function': <function <lambda> at 0x7fd9e12ac0d0>, 'arity': 2}, 'divide': {'function': <function <lambda> at 0x7fd9e12ac160>, 'arity': 2}, 'mean': {'function': <function <lambda> at 0x7fd9e12ac1f0>, 'arity': 2}, 'tan': {'function': <function <lambda> at 0x7fd9e12ac280>, 'arity': 1}, 'sin': {'function': <function <lambda> at 0x7fd9e12ac310>, 'arity': 1}, 'cos': {'function': <function <lambda> at 0x7fd9e12ac3a0>, 'arity': 1}}, 'CONSTANTS': {'constant_2': <function <lambda> at 0x7fd9e12ac430>, 'constant_3': <function <lambda> at 0x7fd9e12ac4c0>, 'constant_4': <function <lambda> at 0x7fd9e12ac550>, 'constant_5': <function <lambda> at 0x7fd9e12ac5e0>, 'constant__1': <function <lambda> at 0x7fd9e12ac670>}, 'p_c': 0.1, 'p_test': 0.2}"
fbbe1ea4-e15b-11ee-be43-badda4640570,"{'elitism': True, 'log': 2, 'verbose': 1, 'test_elite': True, 'log_path': '/Users/jimmy/Documents/Refresh/SLIMSHADY/SlimShady/main/log/logger_checking.csv', 'run_info': ['StandardGSGP', UUID('fbbe1ea4-e15b-11ee-be43-badda4640570'), 'parkinson_updrs'], 'max_': False, 'ffunction': <function rmse at 0x7fd3c8ae1750>, 'n_iter': 100, 'max_depth': 17, 'n_elites': 1, 'initializer': <function rhh at 0x7fd3c8ae1bd0>, 'selector': <function tournament_selection_min_slim.<locals>.ts at 0x7fd3d8e788b0>, 'crossover': <function geometric_crossover at 0x7fd3c8ae1cf0>, 'ms': tensor([0.2500, 0.5000, 0.7500, 1.0000, 1.2500, 1.5000, 1.7500, 2.0000, 2.2500,
        2.5000, 2.7500, 3.0000, 3.2500, 3.5000, 3.7500, 4.0000, 4.2500, 4.5000,
        4.7500, 5.0000]), 'inflate_mutator': <function inflate_mutation.<locals>.inflate at 0x7fd3e8e5bb50>, 'deflate_mutator': <function deflate_mutation at 0x7fd3d8e78040>, 'p_xo': 0, 'pop_size': 100, 'settings_dict': {'p_test': 0.2}, 'find_elit_func': <function get_best_min at 0x7fd3c8ae1480>, 'p_inflate': 0.3, 'p_deflate': 0.7, 'p_m': 0.8, 'init_pop_size': 100, 'init_depth': 8, 'FUNCTIONS': {'add': {'function': <function <lambda> at 0x7fd3f81f70a0>, 'arity': 2}, 'subtract': {'function': <function <lambda> at 0x7fd3d8e677f0>, 'arity': 2}, 'multiply': {'function': <function <lambda> at 0x7fd3d8e780d0>, 'arity': 2}, 'divide': {'function': <function <lambda> at 0x7fd3d8e78160>, 'arity': 2}, 'mean': {'function': <function <lambda> at 0x7fd3d8e781f0>, 'arity': 2}, 'tan': {'function': <function <lambda> at 0x7fd3d8e78280>, 'arity': 1}, 'sin': {'function': <function <lambda> at 0x7fd3d8e78310>, 'arity': 1}, 'cos': {'function': <function <lambda> at 0x7fd3d8e783a0>, 'arity': 1}}, 'CONSTANTS': {'constant_2': <function <lambda> at 0x7fd3d8e78430>, 'constant_3': <function <lambda> at 0x7fd3d8e784c0>, 'constant_4': <function <lambda> at 0x7fd3d8e78550>, 'constant_5': <function <lambda> at 0x7fd3d8e785e0>, 'constant__1': <function <lambda> at 0x7fd3d8e78670>}, 'p_c': 0.1, 'p_test': 0.2}"
e518213a-e21a-11ee-8eb6-049226d138fa,"{'elitism': True, 'log': 2, 'verbose': 1, 'test_elite': True, 'log_path': 'C:\\Users\\lrosenfeld\\Desktop\\CODE\\SlimShady\\SlimShady\\main\\log\\logger_checking.csv', 'run_info': ['alsoStandard', UUID('e518213a-e21a-11ee-8eb6-049226d138fa'), 'ld50'], 'max_': False, 'ffunction': <function rmse at 0x000001D63DA3F060>, 'n_iter': 100, 'max_depth': 17, 'n_elites': 1, 'initializer': <function rhh at 0x000001D63DA3F4C0>, 'selector': <function tournament_selection_min_slim.<locals>.ts at 0x000001D63E9565C0>, 'crossover': <function geometric_crossover at 0x000001D63DA3F880>, 'ms': tensor([0.2500, 0.5000, 0.7500, 1.0000, 1.2500, 1.5000, 1.7500, 2.0000, 2.2500,
        2.5000, 2.7500, 3.0000, 3.2500, 3.5000, 3.7500, 4.0000, 4.2500, 4.5000,
        4.7500, 5.0000]), 'inflate_mutator': <function inflate_mutation.<locals>.inflate at 0x000001D66E5D1620>, 'deflate_mutator': <function deflate_mutation at 0x000001D63E955C60>, 'p_xo': 0, 'pop_size': 100, 'settings_dict': {'p_test': 0.2}, 'find_elit_func': <function get_best_min at 0x000001D63DA3ECA0>, 'p_inflate': 0.3, 'p_deflate': 0.7, 'p_m': 0.8, 'init_pop_size': 100, 'init_depth': 8, 'FUNCTIONS': {'add': {'function': <function <lambda> at 0x000001D605606B60>, 'arity': 2}, 'subtract': {'function': <function <lambda> at 0x000001D63E91B4C0>, 'arity': 2}, 'multiply': {'function': <function <lambda> at 0x000001D63E955D00>, 'arity': 2}, 'divide': {'function': <function <lambda> at 0x000001D63E955DA0>, 'arity': 2}, 'mean': {'function': <function <lambda> at 0x000001D63E955E40>, 'arity': 2}, 'tan': {'function': <function <lambda> at 0x000001D63E955EE0>, 'arity': 1}, 'sin': {'function': <function <lambda> at 0x000001D63E955F80>, 'arity': 1}, 'cos': {'function': <function <lambda> at 0x000001D63E956020>, 'arity': 1}}, 'CONSTANTS': {'constant_2': <function <lambda> at 0x000001D63E9560C0>, 'constant_3': <function <lambda> at 0x000001D63E956160>, 'constant_4': <function <lambda> at 0x000001D63E956200>, 'constant_5': <function <lambda> at 0x000001D63E9562A0>, 'constant__1': <function <lambda> at 0x000001D63E956340>}, 'p_c': 0.1, 'p_test': 0.2}"
ffa81581-e21d-11ee-9d0c-049226d138fa,"{'elitism': True, 'log': 4, 'verbose': 1, 'test_elite': True, 'log_path': 'C:\\Users\\lrosenfeld\\Desktop\\CODE\\SlimShady\\SlimShady\\main\\log\\logger_checking.csv', 'run_info': ['alsoStandard', UUID('ffa81581-e21d-11ee-9d0c-049226d138fa'), 'ld50'], 'max_': False, 'ffunction': <function rmse at 0x00000116CC282FC0>, 'n_iter': 100, 'max_depth': 17, 'n_elites': 1, 'initializer': <function rhh at 0x00000116CC283420>, 'selector': <function tournament_selection_min_slim.<locals>.ts at 0x00000116CD1A6520>, 'crossover': <function geometric_crossover at 0x00000116CC2837E0>, 'ms': tensor([0.2500, 0.5000, 0.7500, 1.0000, 1.2500, 1.5000, 1.7500, 2.0000, 2.2500,
        2.5000, 2.7500, 3.0000, 3.2500, 3.5000, 3.7500, 4.0000, 4.2500, 4.5000,
        4.7500, 5.0000]), 'inflate_mutator': <function inflate_mutation.<locals>.inflate at 0x00000116FCE21580>, 'deflate_mutator': <function deflate_mutation at 0x00000116CD1A5BC0>, 'p_xo': 0, 'pop_size': 100, 'settings_dict': {'p_test': 0.2}, 'find_elit_func': <function get_best_min at 0x00000116CC282C00>, 'p_inflate': 0.3, 'p_deflate': 0.7, 'p_m': 0.8, 'init_pop_size': 100, 'init_depth': 8, 'FUNCTIONS': {'add': {'function': <function <lambda> at 0x0000011693EA6E80>, 'arity': 2}, 'subtract': {'function': <function <lambda> at 0x00000116CD16B420>, 'arity': 2}, 'multiply': {'function': <function <lambda> at 0x00000116CD1A5C60>, 'arity': 2}, 'divide': {'function': <function <lambda> at 0x00000116CD1A5D00>, 'arity': 2}, 'mean': {'function': <function <lambda> at 0x00000116CD1A5DA0>, 'arity': 2}, 'tan': {'function': <function <lambda> at 0x00000116CD1A5E40>, 'arity': 1}, 'sin': {'function': <function <lambda> at 0x00000116CD1A5EE0>, 'arity': 1}, 'cos': {'function': <function <lambda> at 0x00000116CD1A5F80>, 'arity': 1}}, 'CONSTANTS': {'constant_2': <function <lambda> at 0x00000116CD1A6020>, 'constant_3': <function <lambda> at 0x00000116CD1A60C0>, 'constant_4': <function <lambda> at 0x00000116CD1A6160>, 'constant_5': <function <lambda> at 0x00000116CD1A6200>, 'constant__1': <function <lambda> at 0x00000116CD1A62A0>}, 'p_c': 0.1, 'p_test': 0.2}"
312f3499-e220-11ee-b132-049226d138fa,"{'elitism': True, 'log': 2, 'verbose': 1, 'test_elite': True, 'log_path': 'C:\\Users\\lrosenfeld\\Desktop\\CODE\\SlimShady\\SlimShady\\main\\log\\logger_checking.csv', 'run_info': ['alsoStandard', UUID('312f3499-e220-11ee-b132-049226d138fa'), 'concrete_slump'], 'max_': False, 'ffunction': <function rmse at 0x0000022263AA2FC0>, 'n_iter': 100, 'max_depth': 17, 'n_elites': 1, 'initializer': <function rhh at 0x0000022263AA3420>, 'selector': <function tournament_selection_min_slim.<locals>.ts at 0x00000222649B6520>, 'crossover': <function geometric_crossover at 0x0000022263AA37E0>, 'ms': tensor([0.2500, 0.5000, 0.7500, 1.0000, 1.2500, 1.5000, 1.7500, 2.0000, 2.2500,
        2.5000, 2.7500, 3.0000, 3.2500, 3.5000, 3.7500, 4.0000, 4.2500, 4.5000,
        4.7500, 5.0000]), 'inflate_mutator': <function inflate_mutation.<locals>.inflate at 0x000002227F707380>, 'deflate_mutator': <function deflate_mutation at 0x00000222649B5BC0>, 'p_xo': 0, 'pop_size': 100, 'settings_dict': {'p_test': 0.2}, 'find_elit_func': <function get_best_min at 0x0000022263AA2C00>, 'p_inflate': 0.3, 'p_deflate': 0.7, 'p_m': 0.8, 'init_pop_size': 100, 'init_depth': 8, 'FUNCTIONS': {'add': {'function': <function <lambda> at 0x000002222B6C6E80>, 'arity': 2}, 'subtract': {'function': <function <lambda> at 0x000002226497B420>, 'arity': 2}, 'multiply': {'function': <function <lambda> at 0x00000222649B5C60>, 'arity': 2}, 'divide': {'function': <function <lambda> at 0x00000222649B5D00>, 'arity': 2}, 'mean': {'function': <function <lambda> at 0x00000222649B5DA0>, 'arity': 2}, 'tan': {'function': <function <lambda> at 0x00000222649B5E40>, 'arity': 1}, 'sin': {'function': <function <lambda> at 0x00000222649B5EE0>, 'arity': 1}, 'cos': {'function': <function <lambda> at 0x00000222649B5F80>, 'arity': 1}}, 'CONSTANTS': {'constant_2': <function <lambda> at 0x00000222649B6020>, 'constant_3': <function <lambda> at 0x00000222649B60C0>, 'constant_4': <function <lambda> at 0x00000222649B6160>, 'constant_5': <function <lambda> at 0x00000222649B6200>, 'constant__1': <function <lambda> at 0x00000222649B62A0>}, 'p_c': 0.1, 'p_test': 0.2}"
eb454773-e404-11ee-93e0-18c04d6299ac,"{'elitism': True, 'log': 1, 'verbose': 1, 'test_elite': True, 'log_path': 'C:\\Users\\Utilizador\\Documents\\Doutoramento\\SlimShady\\main\\log\\logger.csv', 'run_info': ['StandardGP', UUID('eb454773-e404-11ee-93e0-18c04d6299ac'), 'ppb'], 'max_depth': 17, 'max_': False, 'ffunction': <function rmse at 0x000001F373AE9E10>, 'n_iter': 100, 'n_elites': 1, 'tree_pruner': <function tree_pruning.<locals>.pruning at 0x000001F376899990>, 'depth_calculator': <function tree_depth.<locals>.depth at 0x000001F37689BAC0>, 'initializer': <function rhh at 0x000001F373AEA3B0>, 'selector': <function tournament_selection_min.<locals>.ts at 0x000001F375819750>, 'crossover': <function crossover_trees.<locals>.inner_xo at 0x000001F375819900>, 'p_xo': 0.2, 'pop_size': 100, 'settings_dict': {'p_test': 0.2}, 'find_elit_func': <function get_best_min at 0x000001F373AE9C60>, 'p_m': 0.8, 'mutator': <function mutate_tree_subtree.<locals>.inner_mut at 0x000001F37689AB90>, 'init_pop_size': 100, 'init_depth': 8, 'FUNCTIONS': {'add': {'function': <function <lambda> at 0x000001F36A5BBB50>, 'arity': 2}, 'subtract': {'function': <function <lambda> at 0x000001F375818820>, 'arity': 2}, 'multiply': {'function': <function <lambda> at 0x000001F375819120>, 'arity': 2}, 'divide': {'function': <function <lambda> at 0x000001F3758191B0>, 'arity': 2}, 'mean': {'function': <function <lambda> at 0x000001F375819240>, 'arity': 2}, 'tan': {'function': <function <lambda> at 0x000001F3758192D0>, 'arity': 1}, 'sin': {'function': <function <lambda> at 0x000001F375819360>, 'arity': 1}, 'cos': {'function': <function <lambda> at 0x000001F3758193F0>, 'arity': 1}}, 'CONSTANTS': {'constant_2': <function <lambda> at 0x000001F375819480>, 'constant_3': <function <lambda> at 0x000001F375819510>, 'constant_4': <function <lambda> at 0x000001F3758195A0>, 'constant_5': <function <lambda> at 0x000001F375819630>, 'constant__1': <function <lambda> at 0x000001F3758196C0>}, 'p_c': 0.1, 'p_terminals': 0.5, 'p_test': 0.2}"
